City_ID,City,Lat,Lng,Max Temp,Humidity,Cloudiness,Wind Speed,Country,Date
0,petropavlovsk-kamchatsky,53.0452,158.6483,11.33,87,0,2.0,RU,1690221979
1,yellowknife,62.456,-114.3525,21.29,52,100,3.09,CA,1690221694
2,tura,25.5198,90.2201,24.65,90,100,1.83,IN,1690221861
3,keflavik,64.0049,-22.5624,13.95,87,100,3.6,IS,1690221985
4,edinburgh of the seven seas,-37.0676,-12.3116,14.63,81,70,15.81,SH,1690221982
5,anadyr,64.75,177.4833,11.28,87,75,6.0,RU,1690221990
6,albany,42.6001,-73.9662,29.97,64,74,2.78,US,1690221978
7,ushuaia,-54.8,-68.3,0.81,69,0,0.51,AR,1690221980
8,margaret river,-33.95,115.0667,16.23,75,2,8.21,AU,1690221882
9,rancho palos verdes,33.7445,-118.387,33.57,85,45,2.68,US,1690221855
10,kasongo,-4.45,26.6667,28.96,29,37,1.6,CD,1690222092
11,whitehorse,60.7161,-135.0538,15.57,82,75,4.12,CA,1690221863
12,ziro,27.6333,93.8333,15.16,97,99,0.68,IN,1690222092
13,grytviken,-54.2811,-36.5092,-5.71,75,86,4.51,GS,1690221982
14,saint-pierre,-21.3393,55.4781,20.82,83,0,2.06,RE,1690221978
15,puerto madryn,-42.7692,-65.0385,7.78,64,100,10.94,AR,1690222003
16,nova sintra,14.8667,-24.7167,23.09,77,96,6.06,CV,1690221989
17,mount pearl,47.5166,-52.7813,25.25,84,75,8.23,CA,1690221980
18,kushiro,42.975,144.3747,18.88,91,100,3.11,JP,1690222092
19,st. john's,47.5649,-52.7093,25.71,84,75,8.23,CA,1690221942
20,katsuura,35.1333,140.3,24.59,90,13,3.51,JP,1690222093
21,revda,56.801,59.9303,13.51,94,82,2.01,RU,1690222093
22,iqaluit,63.7506,-68.5145,9.85,71,75,5.14,CA,1690221981
23,nemuro,43.3236,145.575,16.25,97,100,4.8,JP,1690221985
24,port-aux-francais,-49.35,70.2167,3.95,71,100,11.24,TF,1690221978
25,happy valley-goose bay,53.3168,-60.3315,27.17,50,75,6.69,CA,1690221764
26,hawaiian paradise park,19.5933,-154.9731,24.73,92,100,0.45,US,1690221984
27,caraballeda,10.6112,-66.8522,35.04,51,40,1.03,VE,1690222093
28,saynshand,44.8824,110.1163,24.56,30,17,1.88,MN,1690222008
29,waitangi,-43.9535,-176.5597,11.57,98,100,2.24,NZ,1690221984
30,sinabang,2.4803,96.3801,26.66,79,28,1.06,ID,1690222001
31,yaren,-0.5472,166.916,28.41,75,40,3.87,NR,1690222093
32,adamstown,-25.066,-130.1015,19.91,69,58,4.32,PN,1690221977
33,punta arenas,-53.15,-70.9167,-0.8,72,100,2.85,CL,1690221979
34,wailua homesteads,22.0669,-159.378,26.44,83,100,7.72,US,1690221986
35,tangalle,6.024,80.7911,25.42,89,98,4.41,LK,1690221994
36,sterling,39.0062,-77.4286,30.86,61,75,5.66,US,1690221797
37,galesong,-5.3166,119.3661,23.01,79,6,3.59,ID,1690222094
38,altay,47.8667,88.1167,17.64,39,12,3.12,CN,1690221912
39,port alfred,-33.5906,26.891,13.01,65,2,4.26,ZA,1690221977
40,avarua,-21.2078,-159.775,22.03,88,100,2.57,CK,1690221855
41,yarmouth,41.7057,-70.2286,29.23,67,0,5.66,US,1690222094
42,constantia,44.1833,28.65,26.5,66,0,8.96,RO,1690221887
43,hamilton,39.1834,-84.5333,31.54,65,0,5.66,US,1690221708
44,lospalos,-8.5186,127.0025,19.18,73,94,3.76,TL,1690222094
45,georgetown,5.4112,100.3354,27.23,84,20,1.54,MY,1690221804
46,fort bragg,35.139,-79.006,31.08,66,75,3.09,US,1690221999
47,west island,-12.1568,96.8225,24.99,78,75,8.23,CC,1690221978
48,geraldton,-28.7667,114.6,10.23,66,29,6.69,AU,1690222029
49,caernarfon,53.1413,-4.2702,16.85,56,20,4.63,GB,1690222094
50,east london,-33.0153,27.9116,11.52,76,0,3.6,ZA,1690221918
51,nosy varika,-20.5833,48.5333,20.45,89,1,2.73,MG,1690222094
52,glens falls north,43.3351,-73.6825,29.71,67,25,1.34,US,1690222094
53,haiku-pauwela,20.9219,-156.3051,26.69,76,20,7.72,US,1690222000
54,port elizabeth,-33.918,25.5701,12.16,71,0,4.63,ZA,1690221983
55,port mathurin,-19.6833,63.4167,23.04,78,25,8.17,MU,1690221982
56,utrik,11.2278,169.8474,28.31,76,41,7.25,MH,1690221989
57,yesilhisar,38.3497,35.0867,21.17,56,5,6.38,TR,1690222095
58,isafjordur,66.0755,-23.124,12.02,87,100,0.0,IS,1690221977
59,bodden town,19.2833,-81.25,33.0,62,40,5.66,KY,1690222095
60,naze,28.3667,129.4833,27.51,84,100,6.08,JP,1690221987
61,ribeira grande,38.5167,-28.7,23.22,83,75,1.54,PT,1690221892
62,loango,-4.6719,11.8312,21.54,86,31,2.9,CG,1690222095
63,chinde,26.8418,88.0763,19.12,89,100,1.71,NP,1690222001
64,kailua-kona,19.6406,-155.9956,27.98,78,20,2.06,US,1690221830
65,labasa,-16.4167,179.3833,22.38,89,59,2.44,FJ,1690222095
66,bodo,67.28,14.405,16.54,84,75,2.57,NO,1690222028
67,daru,-9.0763,143.2092,24.12,73,100,3.09,PG,1690222033
68,roma,43.2128,-75.4557,29.42,52,44,3.32,US,1690221963
69,blackmans bay,-43.0167,147.3167,8.62,79,12,2.42,AU,1690221843
70,dzhangala,49.2167,50.3333,26.54,46,100,6.43,KZ,1690222095
71,hasaki,35.7333,140.8333,24.06,88,54,3.6,JP,1690221980
72,enewetak,11.3474,162.3373,28.49,75,78,6.79,MH,1690222007
73,selfoss,63.9331,-20.9971,15.58,76,52,4.33,IS,1690222096
74,ashgabat,37.95,58.3833,35.83,16,0,2.5,TM,1690222016
75,qaqortoq,60.7167,-46.0333,7.22,86,92,3.62,GL,1690221869
76,afaahiti,-17.75,-149.2833,25.93,85,31,8.17,PF,1690221913
77,yinchuan,38.4681,106.2731,27.92,37,0,1.93,CN,1690221991
78,puerto san jose,13.9256,-90.8244,30.92,64,90,2.61,GT,1690222000
79,papatowai,-46.5619,169.4708,6.79,88,87,3.36,NZ,1690221868
80,new norfolk,-42.7826,147.0587,7.72,89,61,1.86,AU,1690222002
81,pathein,16.7833,94.7333,25.91,91,74,2.61,MM,1690222096
82,vorgashor,67.5833,63.95,16.54,72,74,2.03,RU,1690221986
83,port moresby,-9.4431,147.1797,21.94,77,99,2.92,PG,1690222096
84,puerto ayora,-0.7393,-90.3518,28.98,80,93,4.91,EC,1690221867
85,mount gambier,-37.8333,140.7667,8.95,82,60,0.42,AU,1690221991
86,fada,9.5667,8.3,21.36,95,61,1.85,NG,1690222097
87,lihue,21.9789,-159.3672,26.77,79,100,7.72,US,1690222004
88,usogorsk,63.4106,48.6872,14.28,89,81,1.86,RU,1690221971
89,mournies,35.4764,24.0092,30.22,51,0,2.06,GR,1690222097
90,puerto natales,-51.7236,-72.4875,-3.28,76,100,0.81,CL,1690221979
91,sao gabriel da cachoeira,-0.1303,-67.0892,30.11,66,17,1.34,BR,1690222097
92,mcalester,34.9334,-95.7697,35.01,49,0,3.6,US,1690222097
93,bethel,41.3712,-73.414,30.3,57,20,6.17,US,1690221982
94,flying fish cove,-10.4217,105.6791,23.82,88,75,3.09,CX,1690222011
95,perry,37.2506,-83.1999,32.1,37,0,2.08,US,1690221992
96,klyuchi,52.2667,79.1667,21.63,53,9,4.75,RU,1690221988
97,luderitz,-26.6481,15.1594,14.39,64,89,6.21,NA,1690222045
98,ibusuki,31.2333,130.65,26.4,88,8,3.04,JP,1690222097
99,puerto montt,-41.4698,-72.9447,9.46,81,75,11.83,CL,1690222098
100,mramani,-12.3464,44.5286,24.13,74,55,4.75,KM,1690222098
101,coahuayana de hidalgo,18.7,-103.6583,32.12,56,89,1.9,MX,1690222098
102,port lincoln,-34.7333,135.8667,12.78,75,30,3.68,AU,1690221977
103,ust-nera,64.5667,143.2,15.62,60,83,3.42,RU,1690221979
104,udachny,66.4167,112.4,14.14,87,98,2.45,RU,1690221980
105,tindouf,27.6711,-8.1474,44.25,12,4,3.09,DZ,1690221944
106,olyokminsk,60.3736,120.4264,19.84,73,56,1.2,RU,1690222098
107,chebba,35.2372,11.115,34.36,44,0,6.41,TN,1690222098
108,noshiro,40.2039,140.0242,22.4,90,29,1.98,JP,1690222098
109,college,64.8569,-147.8028,25.26,67,40,1.54,US,1690221982
110,north bay,46.3168,-79.4663,21.73,88,100,2.7,CA,1690222099
111,olonkinbyen,70.9221,-8.7187,4.92,91,100,5.79,SJ,1690221985
112,ilulissat,69.2167,-51.1,9.01,81,20,2.57,GL,1690221987
113,gadzhiyevo,69.2551,33.3362,9.46,96,100,6.06,RU,1690221897
114,aasiaat,68.7098,-52.8699,3.84,95,100,2.66,GL,1690222010
115,urengoy,65.9667,78.3667,20.28,59,57,2.41,RU,1690222099
116,yekaterinoslavka,50.3734,129.1139,17.76,99,100,1.41,RU,1690222099
117,sechura,-5.5569,-80.8222,27.31,56,12,5.76,PE,1690222099
118,calama,-22.4667,-68.9333,23.27,8,0,7.2,CL,1690222008
119,bilibino,68.0546,166.4372,9.76,92,100,0.69,RU,1690221981
120,lisala,2.15,21.5167,22.68,93,95,1.09,CD,1690222099
121,tolanaro,-25.0319,46.9987,19.48,86,18,1.48,MG,1690222028
122,ponnani,10.767,75.9252,22.62,89,100,3.12,IN,1690222100
123,tuxpan,19.55,-103.4,26.41,68,86,1.36,MX,1690222100
124,atafu village,-8.5421,-172.5159,28.97,71,60,7.52,TK,1690221989
125,malango,-2.9627,119.9001,18.85,98,64,0.21,ID,1690221988
126,yumaguzino,52.9041,56.3933,16.89,74,32,1.2,RU,1690222100
127,susuman,62.7833,148.1667,10.45,73,93,1.56,RU,1690221981
128,mount pleasant,32.7941,-79.8626,32.21,74,75,2.57,US,1690222089
129,longyearbyen,78.2186,15.6401,11.91,71,75,6.69,SJ,1690221991
130,remire-montjoly,4.9167,-52.2667,30.02,66,0,1.03,GF,1690222041
131,fort st. john,56.2499,-120.8529,14.94,82,100,2.06,CA,1690222017
132,alice springs,-23.7,133.8833,3.75,81,0,0.0,AU,1690221996
133,kodiak,57.79,-152.4072,12.73,76,100,4.63,US,1690221995
134,mohr,54.3528,9.7167,18.39,80,75,4.63,DE,1690222100
135,kapuskasing,49.4169,-82.4331,20.05,56,100,3.09,CA,1690221903
136,nar'yan-mar,67.6713,53.087,16.4,75,100,3.02,RU,1690222018
137,moyynkum,44.2914,72.9469,29.25,19,0,5.33,KZ,1690222100
138,la'ie,21.6477,-157.9253,25.98,76,47,6.79,US,1690221987
139,thompson,55.7435,-97.8558,24.09,38,20,3.6,CA,1690221982
140,weno,7.4515,151.8468,28.21,77,100,7.14,FM,1690222101
141,lebu,-37.6167,-73.65,10.8,83,95,8.54,CL,1690221910
142,boende,-0.2167,20.8667,25.24,74,80,1.04,CD,1690221986
143,nogliki,51.8333,143.1667,13.34,92,96,2.44,RU,1690222022
144,hammerfest,70.6634,23.6821,11.25,87,75,5.14,NO,1690222047
145,ungsang-nodongjagu,42.3578,130.4622,20.15,94,17,0.46,KP,1690222101
146,gamba,-2.65,10.0,22.11,88,100,2.56,GA,1690222101
147,mundri,-6.9558,111.71,23.13,77,50,2.1,ID,1690222101
148,tiksi,71.6872,128.8694,3.38,85,19,1.89,RU,1690221982
149,miami beach,25.7906,-80.1301,37.23,59,20,4.12,US,1690222048
150,orange walk,17.8333,-88.8333,33.95,42,27,4.66,BZ,1690222101
151,greymouth,-42.4667,171.2,5.84,89,10,1.75,NZ,1690222101
152,tazovsky,67.4667,78.7,15.54,90,44,2.16,RU,1690221858
153,burlington,39.8835,-74.6413,30.59,60,75,2.57,US,1690221909
154,benguela,-12.5763,13.4055,20.95,87,73,1.1,AO,1690222102
155,kone,-21.0595,164.8658,16.21,81,95,2.09,NC,1690222027
156,porto novo,6.4965,2.6036,24.75,88,100,1.77,BJ,1690222008
157,gagarawa,12.4074,9.5277,32.32,40,27,1.71,NG,1690222102
158,colchani,-20.3,-66.9333,9.75,21,0,5.94,BO,1690222102
159,lazaro cardenas,17.9583,-102.2,31.09,58,100,1.85,MX,1690221979
160,nova vicosa,-17.8919,-39.3719,23.86,72,2,4.63,BR,1690221941
161,puerto francisco de orellana,-0.4667,-76.9667,25.3,81,95,0.76,EC,1690222102
162,labrador city,52.9463,-66.9114,25.42,35,56,3.74,CA,1690222102
163,san antonio de pale,-1.4014,5.6325,22.73,85,97,5.18,GQ,1690221991
164,stanley,54.868,-1.6985,14.33,75,40,1.54,GB,1690221989
165,midvagur,62.0511,-7.1939,8.46,87,100,4.12,FO,1690222102
166,yigo village,13.5361,144.8886,26.62,94,75,5.14,GU,1690222006
167,ulladulla,-35.35,150.4667,8.25,77,5,1.89,AU,1690221891
168,camapua,-19.5314,-54.0439,32.32,21,0,2.13,BR,1690222103
169,sao vicente,-23.9631,-46.3919,30.1,42,0,2.68,BR,1690222000
170,saipan,15.1355,145.701,27.58,100,20,3.6,MP,1690222005
171,tyup,42.7276,78.3648,17.69,50,40,2.0,KG,1690222103
172,saint-julien-les-villas,48.2667,4.1,20.98,73,40,2.57,FR,1690222103
173,el granada,37.5027,-122.4694,26.61,74,75,6.17,US,1690222041
174,dudinka,69.4058,86.1778,14.79,69,90,4.06,RU,1690221992
175,beledweyne,4.7358,45.2036,28.08,53,100,11.58,SO,1690222103
176,escarcega,18.6089,-90.7454,37.18,27,35,3.52,MX,1690222103
177,chonchi,-42.6128,-73.8092,7.29,94,100,4.42,CL,1690221984
178,vilyuchinsk,52.9306,158.4028,12.15,90,20,4.57,RU,1690221977
179,la passe,45.5549,-0.8967,23.13,71,73,7.54,FR,1690222039
180,luocheng,29.3848,104.0286,22.91,96,99,0.63,CN,1690222104
181,lindi,-10.0,39.7167,21.83,84,73,2.04,TZ,1690222104
182,invercargill,-46.4,168.35,6.29,89,91,3.08,NZ,1690221984
183,meadow lake,34.8014,-106.5436,35.78,22,4,4.44,US,1690222104
184,ancud,-41.8697,-73.8203,8.0,90,100,9.37,CL,1690221984
185,ruteng,-8.6136,120.4721,15.53,94,97,1.56,ID,1690221998
186,tongren,27.7172,109.1853,25.05,96,100,0.47,CN,1690222104
187,banda aceh,5.5577,95.3222,27.05,73,80,6.33,ID,1690222035
188,callao,-12.0667,-77.15,24.16,57,40,5.14,PE,1690221993
189,labytnangi,66.6572,66.4183,20.21,60,92,1.46,RU,1690221985
190,obo,5.3998,26.4869,21.93,89,93,0.68,CF,1690222105
191,vrangel',42.7297,133.0839,19.47,99,99,0.27,RU,1690222044
192,bonthe,7.5264,-12.505,26.48,81,86,4.29,SL,1690222107
193,lahad datu,5.0268,118.327,25.05,91,99,1.79,MY,1690222107
194,ruangwa,-10.0667,38.9333,21.81,78,98,2.27,TZ,1690222108
195,shimoda,34.6667,138.95,23.95,86,2,2.95,JP,1690221982
196,braganca,-1.0536,-46.7656,29.8,64,18,2.44,BR,1690221936
197,cabo san lucas,22.8909,-109.9124,33.67,62,20,5.14,MX,1690221958
198,burang,30.25,81.1667,12.45,72,91,2.27,CN,1690222109
199,toliara,-23.35,43.6667,19.55,77,5,2.59,MG,1690221995
200,afif,23.9065,42.9172,33.13,10,34,6.64,SA,1690222111
201,yulinshi,38.2906,109.7494,25.04,39,1,3.13,CN,1690222000
202,balabac,7.9868,117.0645,27.91,82,99,8.32,PH,1690222112
203,llallagua,-18.4167,-66.6333,13.57,11,0,7.77,BO,1690222112
204,mede,45.0979,8.7359,24.36,78,88,2.7,IT,1690222112
205,herzogenbuchsee,47.188,7.7062,22.77,69,64,2.27,CH,1690222112
206,al ghayzah,16.2079,52.176,27.08,82,100,3.16,YE,1690222046
207,bonyhad,46.2992,18.5302,28.47,54,78,3.25,HU,1690222112
208,kayangel,8.0823,134.7173,27.91,80,100,4.85,PW,1690222032
209,horodnye,45.8908,28.8483,24.6,49,3,5.92,UA,1690222114
210,acapulco de juarez,16.8634,-99.8901,32.9,55,75,2.57,MX,1690222019
211,urzhar,47.093,81.6294,22.78,27,0,2.86,KZ,1690222115
212,bredasdorp,-34.5322,20.0403,8.32,73,0,2.16,ZA,1690221983
213,khovd,48.0056,91.6419,17.51,45,51,0.21,MN,1690222115
214,veraval,20.9,70.3667,27.35,88,96,8.43,IN,1690222116
215,brookings,44.3114,-96.7984,30.81,49,0,5.14,US,1690222037
216,del rio,29.3627,-100.8968,37.06,37,0,4.12,US,1690222116
217,quatre cocos,-20.2078,57.7625,21.72,81,17,4.02,MU,1690222116
218,kamaishi,39.2667,141.8833,23.03,86,94,3.09,JP,1690222116
219,ad dabbah,18.05,30.95,37.27,11,61,5.64,SD,1690222116
220,moussoro,13.6408,16.4901,32.5,46,36,5.35,TD,1690222116
221,sena madureira,-9.0656,-68.6569,36.32,28,0,0.83,BR,1690222117
222,jamestown,42.097,-79.2353,27.79,53,0,5.14,US,1690221986
223,galliano,29.4422,-90.2992,34.0,52,40,3.6,US,1690222028
224,kerikeri,-35.2268,173.9474,7.17,93,28,2.3,NZ,1690221993
225,karasburg,-28.0167,18.75,11.86,35,100,5.71,NA,1690222117
226,mawu,29.5923,107.3139,23.3,92,100,0.78,CN,1690222117
227,la plata,-34.9215,-57.9545,11.57,77,93,5.9,AR,1690222020
228,dalandzadgad,43.5708,104.425,24.64,34,83,6.9,MN,1690222117
229,chernyshevskiy,63.0128,112.4714,17.97,66,19,2.2,RU,1690222034
230,talnakh,69.4865,88.3972,14.56,71,74,0.99,RU,1690221983
231,dipayal,29.2608,80.94,25.7,92,84,0.54,NP,1690222117
232,san patricio,28.017,-97.5169,36.2,40,33,5.6,US,1690222118
233,port antonio,18.18,-76.4612,33.89,66,10,3.27,JM,1690222118
234,laojunmiao,39.8333,97.7333,24.55,18,18,3.6,CN,1690222041
235,sandersville,32.9815,-82.8101,31.53,43,2,1.27,US,1690222119
236,kisesa,-3.0833,34.15,24.25,39,74,2.76,TZ,1690222119
237,sarandi grande,-33.7333,-56.3333,7.88,93,100,4.94,UY,1690222119
238,san juan,-31.5375,-68.5364,14.29,33,2,3.1,AR,1690221922
239,al kharj,24.155,47.3346,37.84,8,97,4.05,SA,1690222119
240,salinas,36.6777,-121.6555,24.45,71,0,3.09,US,1690222115
241,thinadhoo,0.5333,72.9333,28.47,78,75,6.18,MV,1690222119
242,vanino,49.0869,140.2543,17.03,97,85,1.21,RU,1690222119
243,smithers,54.7804,-127.1743,19.58,56,90,0.65,CA,1690222119
244,siwa oasis,29.2041,25.5195,38.18,16,0,8.47,EG,1690221983
245,north bend,43.4065,-124.2243,24.02,64,0,4.12,US,1690222120
246,amga,60.8953,131.9608,16.59,86,82,1.5,RU,1690222120
247,masina,-4.3836,15.3914,28.78,48,71,1.5,CD,1690222120
248,minas de marcona,-15.2119,-75.1103,17.65,58,12,6.61,PE,1690222019
249,kununurra,-15.7667,128.7333,15.99,39,9,3.6,AU,1690222120
250,zaragoza,41.6561,-0.8773,28.25,37,20,7.72,ES,1690222120
251,paphos,34.7667,32.4167,33.88,27,0,2.06,CY,1690222003
252,ilomantsi,62.6716,30.9328,13.72,98,100,1.58,FI,1690222121
253,namdrik,5.5994,168.1028,28.45,79,49,7.24,MH,1690222121
254,dunedin,-45.8742,170.5036,6.0,95,80,0.45,NZ,1690222121
255,gaigeturi,33.4644,126.3183,25.03,88,75,2.06,KR,1690221906
256,wiset chaichan,14.5945,100.3382,26.27,78,96,3.14,TH,1690222121
257,bay city,43.5945,-83.8889,28.18,63,20,3.6,US,1690222083
258,caldas novas,-17.7417,-48.625,27.56,35,27,5.36,BR,1690222121
259,shingu,33.7333,135.9833,23.13,90,2,1.62,JP,1690222121
260,buka,40.8108,69.1986,29.27,22,0,1.74,UZ,1690221999
261,bosansko grahovo,44.1794,16.3639,24.24,62,10,2.87,BA,1690222122
262,mhamid,29.82,-5.72,43.5,9,42,6.94,MA,1690222012
263,thief river falls,48.1191,-96.1812,28.53,61,0,3.6,US,1690222122
264,mar del plata,-38.0023,-57.5575,9.97,62,40,6.71,AR,1690221916
265,mawlaik,23.6333,94.4167,25.74,96,31,0.45,MM,1690222122
266,maloye ganyushkino,46.6,49.2667,26.06,53,100,5.29,KZ,1690222122
267,linxia chengguanzhen,35.6003,103.2064,17.46,61,8,2.25,CN,1690222041
268,ar rass,25.8694,43.4973,35.08,9,67,4.39,SA,1690222122
269,charata,-27.2144,-61.188,14.97,68,100,5.42,AR,1690222122
270,nizhnyaya salda,58.0776,60.7202,14.57,76,60,1.36,RU,1690222122
271,saguenay,48.4168,-71.0657,28.46,49,40,3.6,CA,1690221903
272,yauya,-8.9833,-77.3,16.53,19,0,1.52,PE,1690222122
273,karratha,-20.7377,116.8463,16.47,58,0,5.81,AU,1690221992
274,polyarnyy,69.1989,33.4478,9.59,96,100,5.9,RU,1690222012
275,miyazu,35.5333,135.1833,22.86,94,0,3.22,JP,1690222122
276,tommot,58.9564,126.2925,16.87,91,100,0.68,RU,1690222122
277,lorengau,-2.0226,147.2712,24.47,93,100,2.4,PG,1690222123
278,muisne,0.6,-80.0333,27.03,82,94,5.43,EC,1690222031
279,xiongzhou,25.1167,114.3,25.68,91,99,0.68,CN,1690222123
280,sitka,57.0531,-135.33,15.94,77,20,1.54,US,1690221998
281,hami,42.8,93.45,27.76,22,35,2.64,CN,1690221986
282,kristiansund,63.1115,7.732,17.03,72,75,5.66,NO,1690222007
283,mili,6.0815,171.735,27.85,79,73,6.32,MH,1690222123
284,p'ot'i,42.1462,41.672,23.33,80,0,1.59,GE,1690222123
285,i-n-salah,27.1935,2.4607,43.48,5,0,8.11,DZ,1690222123
286,lanzhou,36.0564,103.7922,24.89,46,13,2.12,CN,1690222123
287,balqash,46.8481,74.995,25.2,39,17,1.7,KZ,1690222123
288,wenchang,30.904,118.4887,26.21,86,66,1.07,CN,1690222123
289,sabang,5.8933,95.3214,28.48,76,97,9.71,ID,1690222035
290,kourou,5.1552,-52.6478,30.03,80,33,4.17,GF,1690222031
291,mugia,43.1041,-9.2179,21.06,70,41,5.73,ES,1690222002
292,walvis bay,-22.9575,14.5053,11.72,73,41,2.46,NA,1690222009
293,mil'kovo,55.6078,37.7956,17.22,95,83,2.16,RU,1690222012
294,alenquer,-1.9417,-54.7383,35.14,36,10,2.42,BR,1690222123
295,nazca,-14.8333,-74.95,25.8,36,0,2.76,PE,1690222124
296,camabatela,-8.1881,15.375,21.7,23,3,1.46,AO,1690222124
297,lamu,-2.2717,40.902,24.12,83,44,6.45,KE,1690222124
298,tocopilla,-22.092,-70.1979,19.71,66,2,4.27,CL,1690222124
299,montepuez,-13.1256,38.9997,19.75,57,29,3.15,MZ,1690222124
300,newman,37.3138,-121.0208,32.19,14,84,0.9,US,1690221971
301,kismayo,-0.3582,42.5454,24.99,79,74,7.09,SO,1690222124
302,moranbah,-22.0016,148.0466,12.97,94,97,10.78,AU,1690222124
303,sos'va,59.1766,61.8558,14.75,78,49,1.24,RU,1690222125
304,sola,-13.8833,167.55,25.85,85,83,6.13,VU,1690221985
305,watsa,3.0372,29.5355,19.56,89,85,0.22,CD,1690222125
306,suva,-18.1416,178.4415,20.71,94,75,2.06,FJ,1690221923
307,bikenibeu village,1.3673,173.1241,28.49,77,45,4.72,KI,1690222064
308,laghouat,33.8,2.8651,38.88,7,1,4.85,DZ,1690222125
309,shambu,9.5667,37.1,11.79,92,79,0.16,ET,1690222125
310,polovinnoye,54.7914,65.9864,19.02,50,80,2.57,RU,1690222125
311,altdorf,49.3875,11.3572,20.45,83,85,4.46,DE,1690222125
312,hermanus,-34.4187,19.2345,6.56,67,0,2.46,ZA,1690221925
313,arawa,-6.2132,155.5367,24.2,93,79,1.83,PG,1690222125
314,borkum,53.5809,6.6915,17.75,78,91,8.29,DE,1690222125
315,bridgewater,44.3835,-64.5155,30.06,62,97,5.14,CA,1690221942
316,ust'-ilimsk,58.0006,102.6619,17.05,95,85,1.68,RU,1690222001
317,barclayville,4.6797,-8.2339,25.54,82,97,3.27,LR,1690222126
318,salalah,17.0151,54.0924,25.05,100,100,1.54,OM,1690222126
319,morehead city,34.7229,-76.726,31.69,77,0,4.63,US,1690221892
320,fale old settlement,-9.3852,-171.2468,28.73,73,20,7.74,TK,1690221989
321,biharamulo,-2.6319,31.3089,21.85,46,51,1.1,TZ,1690222126
322,monteagudo,-19.8167,-63.9833,25.91,42,51,3.21,BO,1690222126
323,khandyga,62.6667,135.6,15.67,86,21,1.88,RU,1690222002
324,shenzhen,22.5455,114.0683,30.61,91,72,1.79,CN,1690222043
325,ban dung,17.699,103.2596,25.01,100,70,2.44,TH,1690222126
326,mulayjah,27.271,48.4242,35.79,13,23,1.45,SA,1690222126
327,comalapa,14.7411,-90.8875,20.96,65,100,2.1,GT,1690222126
328,grande prairie,55.1667,-118.8027,17.1,77,100,3.09,CA,1690221853
329,piranhas,-16.4269,-51.8222,33.28,19,0,2.96,BR,1690222126
330,sisimiut,66.9395,-53.6735,9.15,76,70,5.38,GL,1690222046
331,urucui,-7.2294,-44.5561,35.77,21,19,3.29,BR,1690222126
332,velyka pysarivka,50.4259,35.485,19.21,62,57,2.41,UA,1690222126
333,isiolo,0.3546,37.5822,22.97,57,90,4.81,KE,1690222127
334,cururupu,-1.8283,-44.8683,29.61,63,47,2.4,BR,1690222034
335,hadibu,12.65,54.0333,25.17,79,75,10.06,YE,1690222127
336,badger,64.8,-147.5333,25.21,68,75,1.54,US,1690221945
337,ta`u,-14.2336,-169.5144,25.84,75,68,5.4,AS,1690221985
338,al kharijah,25.4514,30.5464,35.26,13,0,4.29,EG,1690222127
339,pisco,-13.7,-76.2167,22.03,64,0,3.6,PE,1690221997
340,valparaiso,-33.0393,-71.6273,21.13,41,0,4.12,CL,1690222080
341,taradale,-39.5333,176.85,7.41,85,49,2.6,NZ,1690222127
342,akhmim,26.5622,31.745,37.7,14,4,6.99,EG,1690222127
343,puerto aysen,-45.4,-72.7,3.02,75,100,3.6,CL,1690222038
344,baise city,23.8997,106.6133,26.62,89,96,1.0,CN,1690222127
345,road town,18.4167,-64.6167,32.02,58,40,5.66,VG,1690221983
346,auki,-8.7676,160.7034,24.33,89,76,1.45,SB,1690221979
347,shitanjing,39.2342,106.3439,25.7,34,4,4.06,CN,1690222128
348,al artawiyah,26.5053,45.3444,36.04,8,55,3.22,SA,1690222128
349,gaur,26.7667,85.2667,29.6,72,91,3.65,NP,1690222128
350,flin flon,54.7682,-101.865,24.91,50,40,1.54,CA,1690221903
351,batu pahat,1.8548,102.9325,26.22,87,37,2.05,MY,1690222128
352,lasem,-6.6922,111.4527,24.87,82,48,2.5,ID,1690222128
353,sorong,-0.8833,131.25,25.44,88,86,6.73,ID,1690222032
354,queenstown,-31.8976,26.8753,6.19,46,0,0.83,ZA,1690222130
355,fortuna,40.5982,-124.1573,23.29,71,20,5.14,US,1690221896
356,santa isabel,-23.3156,-46.2214,29.49,27,1,1.67,BR,1690222130
357,sayansk,54.1088,102.1648,12.93,93,17,0.92,RU,1690222130
358,aitape,-3.1374,142.3475,25.61,88,100,1.53,PG,1690222011
359,ha'il,27.5219,41.6907,33.64,10,3,2.32,SA,1690222131
360,saudarkrokur,65.7461,-19.6394,10.16,92,100,0.84,IS,1690221875
361,bilaspur,22.0833,82.15,27.7,76,85,1.8,IN,1690222131
362,sparks,39.5349,-119.7527,33.14,21,75,7.2,US,1690221997
363,aracati,-4.5617,-37.7697,31.44,48,33,6.15,BR,1690222131
364,chapaev,50.2,51.1667,24.12,53,100,5.21,KZ,1690222131
365,barah,13.7,30.3667,33.94,33,76,6.4,SD,1690222131
366,garachico,28.7781,-17.7646,22.06,69,40,5.66,ES,1690222132
367,colonia,50.9333,6.95,21.35,83,20,7.2,DE,1690221950
368,igarka,67.4667,86.5833,15.71,71,95,2.17,RU,1690222031
369,arkalyk,50.2486,66.9114,21.59,37,26,4.51,KZ,1690222132
370,sakaiminato,35.55,133.2333,25.46,85,0,2.87,JP,1690222132
371,antonio enes,-16.2325,39.9086,21.55,81,0,3.73,MZ,1690222037
372,altai,46.3722,96.2583,14.4,39,75,0.78,MN,1690222001
373,hotan,37.0997,79.9269,30.02,29,46,1.16,CN,1690222045
374,itoman,26.1247,127.6694,29.01,79,40,4.12,JP,1690222133
375,zarah sharan,33.1467,68.7917,21.37,59,92,2.69,AF,1690222138
376,zalingei,12.9096,23.4741,22.28,81,75,6.55,SD,1690222138
377,jiuquan,39.7432,98.5174,28.7,13,12,3.99,CN,1690222138
378,langueux,48.495,-2.7185,18.24,79,100,6.69,FR,1690222138
379,nikolayevsk-on-amure,53.1406,140.73,17.22,69,99,1.36,RU,1690222011
380,san julian,21.0167,-102.1667,25.1,38,58,3.95,MX,1690222138
381,carnarvon,-24.8667,113.6333,16.28,72,48,4.56,AU,1690222011
382,beitbridge,-22.2167,30.0,21.89,27,45,1.77,ZW,1690221977
383,port hedland,-20.3167,118.5667,12.03,47,0,3.6,AU,1690222138
384,aguas vermelhas,-15.7472,-41.46,23.03,49,87,3.12,BR,1690222138
385,sinop,41.7711,34.8709,16.18,90,61,0.22,TR,1690222138
386,delijan,33.9905,50.6838,32.48,13,78,9.87,IR,1690222138
387,krasnokamensk,50.0979,118.0369,17.39,80,97,1.08,RU,1690222138
388,languyan,5.2618,120.0807,26.41,88,100,4.2,PH,1690222139
389,papao,-17.75,-149.55,26.82,84,16,9.39,PF,1690222023
390,manghit,42.1156,60.0597,35.46,18,21,2.55,UZ,1690222139
391,paranhos,-23.8928,-55.4311,29.82,28,5,4.16,BR,1690222139
392,katsuren-haebaru,26.3369,127.8719,29.01,83,41,6.55,JP,1690221979
393,stephenville,32.2207,-98.2023,38.47,23,0,3.09,US,1690222139
394,crane,31.3974,-102.3501,36.82,18,0,4.96,US,1690221901
395,gunjur,13.2019,-16.7339,28.05,75,100,4.88,GM,1690222139
396,hinton,53.4001,-117.5857,20.33,73,100,1.42,CA,1690222139
397,tofol,5.3248,163.0078,28.31,74,88,5.15,FM,1690221903
398,lompoc,34.6391,-120.4579,30.99,77,75,2.57,US,1690221880
399,north ward,-19.2454,146.8075,12.95,71,0,5.66,AU,1690222139
400,borisoglebskiy,57.2586,39.1508,13.65,90,100,2.12,RU,1690222139
401,vilhena,-12.7406,-60.1458,32.5,24,0,1.94,BR,1690222139
402,dikhil,11.5,42.1667,31.08,37,94,6.23,DJ,1690222107
403,nsanje,-16.92,35.262,22.04,43,0,1.73,MW,1690222139
404,northam,51.0333,-4.2167,17.44,75,60,6.07,GB,1690222034
405,holualoa,19.6228,-155.9522,25.43,81,47,1.16,US,1690221701
406,kota belud,6.351,116.4305,25.96,80,100,3.44,MY,1690222140
407,hobyo,5.3505,48.5268,25.56,76,59,13.65,SO,1690222006
408,puebla,18.8333,-98.0,21.28,54,100,1.57,MX,1690221905
409,rawlins,41.7911,-107.2387,31.94,17,0,4.63,US,1690221955
410,lishu,43.3047,124.3278,19.88,96,16,3.24,CN,1690222140
411,zhangye,38.9342,100.4517,27.41,25,86,3.49,CN,1690222140
412,stadtoldendorf,51.9,9.65,18.72,86,44,5.11,DE,1690222140
413,urangan,-25.3,152.9,18.03,78,74,9.72,AU,1690222140
414,lamar,33.6668,-95.5836,35.91,51,0,4.12,US,1690222140
415,maymana,35.9214,64.7836,30.71,17,6,1.17,AF,1690222140
416,kupang,-10.1667,123.5833,22.64,74,47,7.38,ID,1690222140
417,sao felix do xingu,-6.6447,-51.995,35.19,22,5,2.21,BR,1690222135
418,iwon-up,40.3231,128.6553,22.21,89,8,1.88,KP,1690221989
419,necochea,-38.5473,-58.7368,9.06,56,61,4.04,AR,1690222140
420,skiathos,39.1623,23.4909,29.43,70,0,2.06,GR,1690222140
421,arkhangel'sk,64.5401,40.5433,13.41,88,83,1.73,RU,1690222032
422,tucumcari,35.1717,-103.725,36.08,19,2,7.74,US,1690222070
423,mpulungu,-8.7623,31.1141,23.83,46,6,2.17,ZM,1690222141
424,inirida,3.8653,-67.9239,28.57,77,85,0.16,CO,1690222141
425,micheweni,-4.9667,39.8333,24.38,83,53,6.25,TZ,1690221998
426,natal,-5.795,-35.2094,28.36,65,40,6.69,BR,1690222026
427,fisterra,42.9049,-9.2629,20.97,73,29,7.12,ES,1690222092
428,oude pekela,53.1042,7.0097,17.15,77,99,6.17,NL,1690222141
429,ohafia-ifigh,5.6146,7.8119,22.47,97,95,1.12,NG,1690222141
430,gaiman,-43.2897,-65.4929,8.07,53,100,11.04,AR,1690222141
431,shilovo,54.3204,40.874,17.97,66,99,3.64,RU,1690222141
432,bardai,11.65,7.2333,26.32,63,56,2.52,NG,1690222142
433,itaituba,-4.2761,-55.9836,37.59,21,4,1.92,BR,1690222142
434,bozoum,6.3193,16.3799,21.97,92,50,1.44,CF,1690222143
435,ishigaki,24.3448,124.1572,29.26,77,100,8.3,JP,1690222143
436,vernon,50.2581,-119.2691,28.85,28,41,1.03,CA,1690221983
437,taoudenni,22.6783,-3.9836,45.81,9,44,1.75,ML,1690222146
438,codrington,-38.2667,141.9667,11.43,71,99,2.15,AU,1690222148
439,lutzelbach,49.7425,8.7675,22.75,51,66,5.4,DE,1690222148
440,sakaraha,-22.9,44.5333,16.07,65,2,1.91,MG,1690222148
441,iskateley,67.6803,53.1512,16.32,75,100,3.05,RU,1690221858
442,acarau,-2.8856,-40.12,30.43,56,14,8.51,BR,1690221892
443,toulepleu guere,6.574,-8.4259,24.66,95,87,1.25,CI,1690222148
444,saint-francois,46.4154,3.9054,23.69,53,96,5.14,FR,1690222158
445,port augusta,-32.5,137.7667,7.93,86,0,2.38,AU,1690221999
446,santa barbara d'oeste,-22.7536,-47.4136,30.03,28,0,2.32,BR,1690222169
447,harper,4.375,-7.7169,25.84,81,93,4.29,LR,1690222173
448,sur,22.5667,59.5289,29.6,71,100,1.13,OM,1690222036
449,darnah,32.767,22.6367,29.39,59,0,7.01,LY,1690222174
450,gatton,-27.55,152.2833,10.91,87,1,1.36,AU,1690222174
451,saint-philippe,-21.3585,55.7679,20.77,84,40,3.91,RE,1690221947
452,whitby,54.4877,-0.615,15.03,76,64,1.34,GB,1690221965
453,luanda,-8.8368,13.2343,20.65,89,48,4.49,AO,1690222174
454,amasra,41.7463,32.3863,22.38,78,0,3.44,TR,1690222174
455,posto fiscal rolim de moura,-13.0833,-62.2667,36.54,17,0,1.21,BR,1690222174
456,tralee,52.2704,-9.7026,14.75,76,99,3.94,IE,1690222033
457,yuzhno-kurilsk,44.0306,145.8556,16.87,99,100,1.84,RU,1690221978
458,bluefield,37.2698,-81.2223,28.06,53,40,3.09,US,1690222174
459,sydney,-33.8679,151.2073,10.77,86,38,3.09,AU,1690222174
460,plesetsk,62.708,40.2916,12.05,95,38,2.0,RU,1690222175
461,sines,37.9562,-8.8698,20.72,74,0,8.98,PT,1690222176
462,male,4.1748,73.5089,28.45,79,90,4.13,MV,1690222177
463,hede,33.7681,120.2517,25.5,88,10,1.55,CN,1690222177
464,murzuq,25.9155,13.9184,35.93,13,2,2.56,LY,1690222178
465,rio grande,-32.035,-52.0986,15.06,91,100,7.6,BR,1690221996
466,slatina,44.4333,24.3667,28.58,40,1,1.56,RO,1690222178
467,patnanungan,14.7833,122.1833,27.57,82,100,8.03,PH,1690222178
468,masterton,-40.9597,175.6575,6.6,96,49,1.13,NZ,1690222178
469,ghatal,22.6667,87.7167,28.02,84,7,2.35,IN,1690222179
470,tingo maria,-9.2895,-76.0088,30.17,54,20,1.03,PE,1690222179
471,ad dilam,23.9915,47.1627,38.32,8,97,3.0,SA,1690222036
472,kingston,17.997,-76.7936,33.47,64,29,2.24,JM,1690222095
473,murray bridge,-35.1167,139.2667,9.63,82,87,1.71,AU,1690222179
474,los llanos de aridane,28.6585,-17.9182,21.86,83,40,5.66,ES,1690222179
475,san andres,12.5847,-81.7006,28.13,81,98,7.94,CO,1690222005
476,sawakin,19.1059,37.3321,35.16,37,87,0.68,SD,1690221920
477,north battleford,52.7834,-108.2847,26.89,36,81,7.09,CA,1690222052
478,formosa do rio preto,-11.0483,-45.1931,31.61,25,4,4.21,BR,1690222180
479,dhalie,13.6957,44.7314,28.96,38,100,1.61,YE,1690222180
480,naracoorte,-36.9579,140.7383,10.84,69,98,1.12,AU,1690222180
481,severnoye,56.3491,78.3619,14.89,91,47,1.47,RU,1690222180
482,belyayevka,51.3974,56.4096,18.65,61,66,2.4,RU,1690222043
483,bom jesus do itabapoana,-21.1339,-41.6797,27.6,48,34,3.1,BR,1690222181
484,namibe,-15.1961,12.1522,18.29,85,35,4.07,AO,1690221996
485,viedma,-40.8135,-62.9967,10.09,49,99,4.91,AR,1690222004
486,juan de herrera,18.874,-71.2383,31.4,48,68,2.99,DO,1690222181
487,chegdomyn,51.1167,133.0167,17.71,98,98,1.09,RU,1690222034
488,kapa'a,22.0752,-159.319,27.18,82,100,7.72,US,1690221883
489,turbat,26.0023,63.044,30.85,62,100,2.14,PK,1690222181
490,ola,59.5833,151.2833,12.25,69,8,1.85,RU,1690222007
491,kerema,-7.9631,145.7785,23.19,80,96,2.45,PG,1690222182
492,bozuyuk,39.9078,30.0367,22.19,63,0,2.64,TR,1690222182
493,severo-yeniseyskiy,60.3725,93.0408,13.73,95,54,1.11,RU,1690222182
494,gimcheon,36.1218,128.1198,24.62,100,100,0.51,KR,1690222182
495,sarkand,45.41,79.9186,22.09,27,0,3.07,KZ,1690222182
496,thunder bay,48.4001,-89.3168,22.43,45,29,0.48,CA,1690222032
497,saint-joseph,-21.3667,55.6167,20.21,83,40,3.35,RE,1690221999
498,hithadhoo,-0.6,73.0833,28.47,78,100,7.08,MV,1690221830
499,howard springs,-12.497,131.047,16.95,41,7,3.86,AU,1690222183
500,gamay,12.3854,125.2979,26.64,81,100,6.58,PH,1690222183
501,letlhakane,-21.4167,25.5833,17.89,20,21,2.87,BW,1690222183
502,bushehr,28.9684,50.8385,35.54,46,67,1.73,IR,1690222183
503,weihai,37.5017,122.1136,24.51,95,19,3.07,CN,1690222080
504,chibougamau,49.9168,-74.3659,16.79,82,100,3.06,CA,1690222183
505,kill devil hills,36.0307,-75.676,29.0,77,0,4.63,US,1690222183
506,freetown,8.484,-13.2299,28.84,74,75,3.09,SL,1690221998
507,poletayevo,55.0336,61.1138,19.88,64,74,2.51,RU,1690222041
508,siyabuswa,-25.1132,29.0445,18.95,36,69,2.21,ZA,1690222183
509,coalinga,36.1397,-120.3602,33.91,20,74,1.26,US,1690222183
510,souillac,-20.5167,57.5167,21.99,85,34,4.44,MU,1690222183
511,kyzyl,51.7,94.45,17.27,56,87,2.43,RU,1690222183
512,goure,13.9835,10.2704,33.53,35,22,4.15,NE,1690222184
513,kampene,-3.6,26.6667,27.52,37,41,0.14,CD,1690222184
514,magadan,59.5667,150.8,12.68,66,2,2.32,RU,1690222184
515,port macquarie,-31.4333,152.9167,8.27,92,23,3.74,AU,1690222184
516,kwolla,8.9333,9.2833,26.01,75,91,2.59,NG,1690222184
517,vila franca do campo,37.7167,-25.4333,25.23,69,52,2.08,PT,1690222184
518,young,-32.6833,-57.6333,8.96,93,100,5.9,UY,1690222184
519,talara,-4.5772,-81.2719,28.42,54,0,8.75,PE,1690222184
520,calderitas,18.55,-88.25,33.06,58,40,5.14,MX,1690222184
521,golere,16.2557,-14.1017,35.89,37,56,1.74,SN,1690222185
522,olavarria,-36.8927,-60.3225,9.49,58,100,4.39,AR,1690222185
523,broome,42.2506,-75.833,27.48,66,20,4.63,US,1690222185
524,caleta de carquin,-11.0925,-77.6267,22.51,68,22,5.24,PE,1690222185
525,marica,-22.9194,-42.8186,28.97,70,1,2.96,BR,1690222185
526,inhambane,-23.865,35.3833,21.99,83,20,4.63,MZ,1690221975
527,bucerias,20.75,-105.3333,32.77,70,75,2.06,MX,1690222185
528,san luis,-33.295,-66.3356,15.61,28,28,1.0,AR,1690222130
529,paita,-5.0892,-81.1144,24.86,68,33,6.57,PE,1690222050
530,praia da vitoria,38.7333,-27.0667,25.14,78,40,5.93,PT,1690221981
531,ebaye,8.7748,167.7392,28.01,78,0,8.23,MH,1690222185
532,pekanbaru,0.5333,101.45,26.18,89,93,0.0,ID,1690221956
533,boromo,11.75,-2.9333,25.93,82,100,2.57,BF,1690222185
534,angaur state,6.906,134.13,27.94,81,100,6.4,PW,1690222035
535,kavaratti,10.5669,72.642,28.2,80,89,7.89,IN,1690222186
536,lafiagi,8.8667,5.4167,24.43,92,100,1.19,NG,1690222186
537,kenora,49.8167,-94.4337,23.21,43,29,2.68,CA,1690222019
538,dhromolaxia,34.8755,33.5868,33.58,57,20,5.14,CY,1690222186
539,brezina,33.0989,1.2608,38.79,8,5,6.35,DZ,1690222186
540,chipata,-13.6333,32.65,19.32,43,5,2.14,ZM,1690222186
541,ghanzi,-21.5667,21.7833,18.73,27,7,2.91,BW,1690222186
542,dien bien phu,21.3833,103.0167,22.76,98,90,1.06,VN,1690222186
543,nadym,65.5333,72.5167,20.08,72,39,3.73,RU,1690222186
544,belokurikha,51.9959,84.9896,17.79,60,45,3.08,RU,1690222186
545,uturoa,-16.7333,-151.4333,26.64,82,37,6.43,PF,1690222029
546,basco,20.4487,121.9702,28.86,83,89,12.18,PH,1690222187
547,teguise,29.0605,-13.564,23.12,61,40,8.75,ES,1690222187
548,imeko,7.45,2.85,23.16,93,100,1.4,NG,1690222187
549,ketchikan,55.3422,-131.6461,18.26,72,0,5.66,US,1690222187
550,kasempa,-13.4584,25.8338,18.01,40,0,2.32,ZM,1690222187
551,dogondoutchi,13.6393,4.0287,33.81,40,43,1.61,NE,1690222187
552,qeshm,26.9581,56.2719,33.93,80,100,1.19,IR,1690222187
553,belo sur tsiribihina,-19.7,44.55,21.91,82,3,3.9,MG,1690222187
554,fuerte olimpo,-21.0415,-57.8738,34.95,17,0,4.09,PY,1690222187
555,kuala belait,4.5833,114.1833,25.59,89,94,2.41,BN,1690222187
556,selibaby,15.159,-12.1829,35.36,39,59,1.33,MR,1690222188
557,amagi,33.4167,130.65,25.79,42,30,1.22,JP,1690222188
558,qamdo,31.1667,97.2333,5.98,93,100,1.93,CN,1690222188
559,nago,26.5881,127.9761,28.03,82,41,5.65,JP,1690222188
560,verkhnevilyuysk,63.4453,120.3167,17.16,90,34,2.34,RU,1690222188
561,hilo,19.7297,-155.09,24.85,88,100,0.89,US,1690222033
562,plouzane,48.3833,-4.6167,17.03,88,100,7.72,FR,1690222188
563,villa gesell,-37.2639,-56.973,8.92,63,100,4.6,AR,1690222188
564,clinton,42.587,-82.9199,29.97,57,5,2.24,US,1690222120
565,turpan,42.9333,89.1667,35.15,22,34,1.52,CN,1690222035
566,humberto de campos,-2.5983,-43.4611,28.65,71,55,1.88,BR,1690222189
567,nagqu,31.5,92.0,6.16,91,100,2.65,CN,1690222031
568,aden,12.7794,45.0367,30.69,73,100,7.15,YE,1690222178
569,coracao de jesus,-16.6853,-44.365,25.01,47,92,2.56,BR,1690222189
570,tierp,60.3427,17.5181,19.98,54,50,3.03,SE,1690222189
571,taulaga,-11.0553,-171.0883,27.71,78,14,9.17,AS,1690222189
572,cestos city,5.46,-9.5828,25.29,85,100,4.22,LR,1690222189
573,les avirons,-21.2418,55.3394,20.03,83,0,2.06,RE,1690222189
574,belogorsk,50.9158,128.4611,18.69,99,100,1.95,RU,1690222189
